{
  "5": {
    "inputs": {
      "width": 512,
      "height": 512,
      "batch_size": 1
    },
    "class_type": "EmptyLatentImage",
    "_meta": {
      "title": "空Latent"
    }
  },
  "6": {
    "inputs": {
      "text": "Vector logo, an anthropomorphic panda with a relatively large head, wearing chef clothes and a chef hat, very strong, holding a bowl of noodles in his left hand, with his right hand giving a thumbs up, close-up and enlarged right hand in perspective, smiling at the camera, illustration style, strong color contrast, master work, with a strong artistic style,\n\nvector logo",
      "speak_and_recognation": true,
      "clip": [
        "31",
        1
      ]
    },
    "class_type": "CLIPTextEncode",
    "_meta": {
      "title": "CLIP文本编码器"
    }
  },
  "8": {
    "inputs": {
      "samples": [
        "13",
        0
      ],
      "vae": [
        "10",
        0
      ]
    },
    "class_type": "VAEDecode",
    "_meta": {
      "title": "VAE解码"
    }
  },
  "9": {
    "inputs": {
      "filename_prefix": "Liblib",
      "images": [
        "8",
        0
      ]
    },
    "class_type": "SaveImage",
    "_meta": {
      "title": "保存图像"
    }
  },
  "10": {
    "inputs": {
      "vae_name": "ae.safetensors"
    },
    "class_type": "VAELoader",
    "_meta": {
      "title": "VAE加载器"
    }
  },
  "11": {
    "inputs": {
      "clip_name1": "t5xxl_fp16.safetensors",
      "clip_name2": "clip_l.safetensors",
      "type": "flux",
      "device": "default"
    },
    "class_type": "DualCLIPLoader",
    "_meta": {
      "title": "双CLIP加载器"
    }
  },
  "12": {
    "inputs": {
      "unet_name": "FLUX.1-FP16-dev.sft",
      "weight_dtype": "fp8_e4m3fn"
    },
    "class_type": "UNETLoader",
    "_meta": {
      "title": "UNET加载器"
    }
  },
  "13": {
    "inputs": {
      "noise": [
        "25",
        0
      ],
      "guider": [
        "22",
        0
      ],
      "sampler": [
        "16",
        0
      ],
      "sigmas": [
        "17",
        0
      ],
      "latent_image": [
        "5",
        0
      ]
    },
    "class_type": "SamplerCustomAdvanced",
    "_meta": {
      "title": "自定义采样器(高级)"
    }
  },
  "16": {
    "inputs": {
      "sampler_name": "euler"
    },
    "class_type": "KSamplerSelect",
    "_meta": {
      "title": "K采样器选择"
    }
  },
  "17": {
    "inputs": {
      "scheduler": "simple",
      "steps": 20,
      "denoise": 1,
      "model": [
        "31",
        0
      ]
    },
    "class_type": "BasicScheduler",
    "_meta": {
      "title": "基础调度器"
    }
  },
  "22": {
    "inputs": {
      "model": [
        "31",
        0
      ],
      "conditioning": [
        "6",
        0
      ]
    },
    "class_type": "BasicGuider",
    "_meta": {
      "title": "基础引导"
    }
  },
  "25": {
    "inputs": {
      "noise_seed": 573719331786409
    },
    "class_type": "RandomNoise",
    "_meta": {
      "title": "随机噪波"
    }
  },
  "31": {
    "inputs": {
      "lora_name": "F.1-矢量卡通风格LOGO_V1.safetensors",
      "strength_model": 1,
      "strength_clip": 1,
      "model": [
        "12",
        0
      ],
      "clip": [
        "11",
        0
      ]
    },
    "class_type": "LoraLoader",
    "_meta": {
      "title": "LoRA加载器"
    }
  }
}