{
  "6": {
    "inputs": {
      "text": "cute anime girl with massive fluffy fennec ears",
      "clip": [
        "11",
        0
      ]
    },
    "class_type": "CLIPTextEncode",
    "_meta": {
      "title": "CLIP文本编码器"
    }
  },
  "8": {
    "inputs": {
      "samples": [
        "13",
        0
      ],
      "vae": [
        "10",
        0
      ]
    },
    "class_type": "VAEDecode",
    "_meta": {
      "title": "VAE解码"
    }
  },
  "9": {
    "inputs": {
      "filename_prefix": "yeepay",
      "images": [
        "8",
        0
      ]
    },
    "class_type": "SaveImage",
    "_meta": {
      "title": "保存图像"
    }
  },
  "10": {
    "inputs": {
      "vae_name": "ae.safetensors"
    },
    "class_type": "VAELoader",
    "_meta": {
      "title": "VAE加载器"
    }
  },
  "11": {
    "inputs": {
      "clip_name1": "t5xxl_fp16.safetensors",
      "clip_name2": "clip_l.safetensors",
      "type": "flux",
      "device": "default"
    },
    "class_type": "DualCLIPLoader",
    "_meta": {
      "title": "双CLIP加载器"
    }
  },
  "12": {
    "inputs": {
      "unet_name": "flux1-dev.safetensors",
      "weight_dtype": "default"
    },
    "class_type": "UNETLoader",
    "_meta": {
      "title": "UNET加载器"
    }
  },
  "13": {
    "inputs": {
      "noise": [
        "25",
        0
      ],
      "guider": [
        "22",
        0
      ],
      "sampler": [
        "16",
        0
      ],
      "sigmas": [
        "17",
        0
      ],
      "latent_image": [
        "27",
        0
      ]
    },
    "class_type": "SamplerCustomAdvanced",
    "_meta": {
      "title": "自定义采样器(高级)"
    }
  },
  "16": {
    "inputs": {
      "sampler_name": "euler"
    },
    "class_type": "KSamplerSelect",
    "_meta": {
      "title": "K采样器选择"
    }
  },
  "17": {
    "inputs": {
      "scheduler": "simple",
      "steps": 20,
      "denoise": 1,
      "model": [
        "30",
        0
      ]
    },
    "class_type": "BasicScheduler",
    "_meta": {
      "title": "基础调度器"
    }
  },
  "22": {
    "inputs": {
      "model": [
        "30",
        0
      ],
      "conditioning": [
        "41",
        0
      ]
    },
    "class_type": "BasicGuider",
    "_meta": {
      "title": "基础引导"
    }
  },
  "25": {
    "inputs": {
      "noise_seed": 1115927613728844
    },
    "class_type": "RandomNoise",
    "_meta": {
      "title": "随机噪波"
    }
  },
  "26": {
    "inputs": {
      "guidance": 3.5,
      "conditioning": [
        "6",
        0
      ]
    },
    "class_type": "FluxGuidance",
    "_meta": {
      "title": "Flux引导"
    }
  },
  "27": {
    "inputs": {
      "width": 1024,
      "height": 1024,
      "batch_size": 1
    },
    "class_type": "EmptySD3LatentImage",
    "_meta": {
      "title": "空Latent_SD3"
    }
  },
  "30": {
    "inputs": {
      "max_shift": 1.15,
      "base_shift": 0.5,
      "width": 1024,
      "height": 1024,
      "model": [
        "12",
        0
      ]
    },
    "class_type": "ModelSamplingFlux",
    "_meta": {
      "title": "模型采样算法Flux"
    }
  },
  "38": {
    "inputs": {
      "clip_name": "sigclip_vision_patch14_384.safetensors"
    },
    "class_type": "CLIPVisionLoader",
    "_meta": {
      "title": "CLIP视觉加载器"
    }
  },
  "39": {
    "inputs": {
      "crop": "center",
      "clip_vision": [
        "38",
        0
      ],
      "image": [
        "40",
        0
      ]
    },
    "class_type": "CLIPVisionEncode",
    "_meta": {
      "title": "CLIP视觉编码"
    }
  },
  "40": {
    "inputs": {
      "image": "generated-image-1757304165746.png"
    },
    "class_type": "LoadImage",
    "_meta": {
      "title": "加载图像"
    }
  },
  "41": {
    "inputs": {
      "strength": 1,
      "strength_type": "multiply",
      "conditioning": [
        "26",
        0
      ],
      "style_model": [
        "42",
        0
      ],
      "clip_vision_output": [
        "39",
        0
      ]
    },
    "class_type": "StyleModelApply",
    "_meta": {
      "title": "风格模型应用"
    }
  },
  "42": {
    "inputs": {
      "style_model_name": "flux1-redux-dev.safetensors"
    },
    "class_type": "StyleModelLoader",
    "_meta": {
      "title": "风格模型加载器"
    }
  }
}